id,appellation,affected_surveys,parcel_intent,topology_type,statutory_actions,land_district,titles,survey_area,calc_area
4688637,,,Hydro,Primary,,Taranaki,,,47659
5266447,,,Hydro,Primary,,North Auckland,,,1289690
7078994,,,Hydro,Primary,,Otago,,,160915
4109937,Ohinepoutea B Block,ML 8286,DCDB,Primary,,Gisborne,355990,20536800.0,20244766
4115868,Crown Land Survey Office Plan 2970,SO 2970,DCDB,Primary,[Create] Crown Land Reserved from Sale (Marginal Strip) Sec 58 Land Act 1948,Gisborne,,,2063743
4118166,Puketauhinu 1 Block,"ML 540/B, SO 6803",DCDB,Primary,"[Create] Conservation Park [Raukumara] New Zealand Gazette 1988 p 3794
[Create] Part Raukumara Wilderness Area [Raukumara] New Zealand Gazette 1988 p 3794, (see SO 7964)
[Create] Part Whanokao Ecological Area [Raukumara] New Zealand Gazette 1986 p 1897, (see SO 7718)",Gisborne,,158098539.0,161507528
4123053,Part Lot 15 DP 3426,DP 3426,Fee Simple Title,Primary,,Gisborne,GS5D/327,9397634.0,9423950
4123192,Part Lot 1 DP 1455,DP 1455,DCDB,Primary,,Gisborne,GS5A/1146,15747307.0,15697763
4133559,Lot 2 DP 4534,DP 4534,DCDB,Primary,,Gisborne,GS1C/810,1123.0,1130
4137968,Part Lot 1 DP 4299,DP 4299,DCDB,Primary,,Gisborne,GS3C/671,15761061.0,15615603
4141632,Lot 18 DP 3426,DP 3426,Fee Simple Title,Primary,,Gisborne,GS5D/327,21262183.0,21428955
4141881,Crown Land Survey Office Plan 3030,SO 3030,DCDB,Primary,[Create] Crown Land Reserved from Sale (Marginal Strip) Sec 58 Land Act 1948,Gisborne,,,289032
4145061,Maungawaru 2&3 Block,"ML 3611, SO 3613",DCDB,Primary,"[Create] Conservation Park [Raukumara] New Zealand Gazette 1988 p 3794
[Create] Part Maungawaru Ecological Area [Raukumara] New Zealand Gazette 1986 p 1897, (see SO 7734)
[Create] Part Raukumara Wilderness Area [Raukumara] New Zealand Gazette 1988 p 3794, (see SO 7964)",Gisborne,,134213993.0,134745937
4149857,,,Road,Primary,,Gisborne,,,269905
4150768,,,Road,Primary,,Gisborne,,,263497
4152550,,,Road,Primary,,Gisborne,,,201012
4152872,,,Road,Primary,,Gisborne,,,626406
4153466,,,Road,Primary,,Gisborne,,,518764
4155976,,,Hydro,Primary,,Gisborne,,,192010
4155965,,,Hydro,Primary,,Gisborne,,,236272
4156049,,,Hydro,Primary,,Gisborne,,,125156
4156058,,,Hydro,Primary,,Gisborne,,,1099012
4156810,,,Hydro,Primary,,Gisborne,,,135114
4156294,,,Hydro,Primary,,Gisborne,,,1249144
4156336,,,Hydro,Primary,,Gisborne,,,123808
4156391,,,Hydro,Primary,,Gisborne,,,157319
4156454,,,Hydro,Primary,,Gisborne,,,99114
4156441,,,Hydro,Primary,,Gisborne,,,196096
4156492,,,Hydro,Primary,,Gisborne,,,72416
4156512,,,Hydro,Primary,,Gisborne,,,673643
4156513,,,Hydro,Primary,,Gisborne,,,294912
4156519,,,Hydro,Primary,,Gisborne,,,55704
4156848,,,Hydro,Primary,,Gisborne,,,61333
4156941,,,Hydro,Primary,,Gisborne,,,130410
4156952,,,Hydro,Primary,,Gisborne,,,146451870
4254344,,,Hydro,Primary,,Hawkes Bay,,,134223
4243456,,,Road,Primary,,Hawkes Bay,,,180643
4253802,,,Hydro,Primary,,Hawkes Bay,,,76099
4253843,,,Hydro,Primary,,Hawkes Bay,,,573150
4254415,,,Hydro,Primary,,Hawkes Bay,,,97162
4254058,,,Hydro,Primary,,Hawkes Bay,,,656620
4254091,,,Hydro,Primary,,Hawkes Bay,,,130327
4254303,,,Hydro,Primary,,Hawkes Bay,,,369532
4341862,Crown Land Survey Office Plan 20632/3,SO 20632/3,DCDB,Primary,[Create] Crown Land Reserved from Sale (Marginal Strip) Sec 122 Land Act 1908,South Auckland,,,209625
4312722,Lot 12 DPS 41175,DPS 41175,DCDB,Primary,,South Auckland,SA36C/829,1773.0,1775
4312724,Lot 132 DPS 42377,DPS 42377,DCDB,Primary,,South Auckland,SA37D/953,793.0,794
4312725,Lot 2 DPS 52711,DPS 52711,DCDB,Primary,,South Auckland,SA46B/912,1516.0,1517
4362792,Part Kaimanawa 1A Block,ML 5347,DCDB,Primary,[Create] State Forest Park [Kaimanawa State Forest Park] New Zealand Gazette 1969 p 1885,South Auckland,,289976122.0,81644223
4369998,Crown Land,,DCDB,Primary,[Create] Crown Land Reserved from Sale (Marginal Strip) Sec 58 Land Act 1948,South Auckland,,,136465
4382321,Crown Land,,DCDB,Primary,[Create] Crown Land Reserved from Sale (Marginal Strip) Sec 58 Land Act 1948,South Auckland,,,199008
4410285,Lot 1 DPS 49408,DPS 49408,DCDB,Primary,,South Auckland,SA42C/77,8750.0,8623
4410975,Lot 56 DPS 91110,DPS 91110,DCDB,Primary,,South Auckland,SA72A/621,660.0,661
4411094,Lot 32 DPS 2580,DPS 2580,DCDB,Primary,,South Auckland,SA6D/337,814.0,814
4410404,Lot 2 DPS 91238,DPS 91238,DCDB,Primary,,South Auckland,SA72A/966,35306.0,35345
4410674,Hauhungaroa 1A4D Block,ML 19711,DCDB,Primary,,South Auckland,SA11A/1190,1290.0,1593
4411092,Lot 15 DPS 68032,DPS 68032,DCDB,Primary,,South Auckland,SA54C/578,1269.0,1271
4411206,Lot 11 DPS 9259,DPS 9259,DCDB,Primary,,South Auckland,SA7D/1200,1434.0,1436
4410812,Lot 26 DPS 91028,DPS 91028,DCDB,Primary,,South Auckland,SA72A/354,710.0,710
4410685,Lot 5 DPS 87196,DPS 87196,DCDB,Primary,,South Auckland,SA69B/18,2584.0,2585
4410686,Lot 7 DPS 87196,DPS 87196,DCDB,Primary,,South Auckland,SA69B/20,20249.0,20251
4410721,Lot 4 DPS 89595,DPS 89595,DCDB,Primary,,South Auckland,SA70D/851,2814.0,2815
4410444,Lot 12 DP 35643,DP 35643,DCDB,Primary,,South Auckland,SA68D/786,882.0,883
4410479,Lot 10 DPS 90842,DPS 90842,DCDB,Primary,,South Auckland,SA71D/654,1050.0,1051
4411873,Lot 114 DP 15561,DP 15561,DCDB,Primary,,South Auckland,SA1070/25,1012.0,1013
4410500,Ohura South A3A2B Block,ML 19161,DCDB,Primary,,South Auckland,SA11B/35,2276.0,3563
4461919,Lot 117 DPS 77048,DPS 77048,DCDB,Primary,,South Auckland,SA61B/235,756.0,757
4461923,Lot 8 DPS 5694,DPS 5694,DCDB,Primary,,South Auckland,SA1766/100,811.0,813
4461931,Lot 2 DPS 4115,DPS 4115,DCDB,Primary,,South Auckland,SA1286/91,1012.0,1012
4461932,Lot 168 DPS 58949,DPS 58949,DCDB,Primary,,South Auckland,SA48B/608,940.0,941
4607188,,,Hydro,Primary,,South Auckland,,,180790
4534175,Part Hinuera 2 Block,SO 11749,DCDB,Primary,[Create] Fishing Reserve Sec 122 Land Act 1908,South Auckland,,,8012
4550652,Lot 1 DPS 64150,DPS 64150,DCDB,Primary,,South Auckland,SA52A/505,1565.0,2
4562336,Lot 32 DPS 82356,DPS 82356,DCDB,Primary,,South Auckland,SA65B/105,650.0,651
4570103,,,Road,Primary,,South Auckland,,,610624
4569013,,,Road,Primary,,South Auckland,,,597990
4570468,,,Road,Primary,,South Auckland,,,470048
4571265,,,Road,Primary,,South Auckland,,,401
4571309,,,Road,Primary,,South Auckland,,,209
4598215,,,Road,Primary,,South Auckland,,,2235
4574805,,,Road,Primary,,South Auckland,,,7785
4592560,,,Road,Primary,,South Auckland,,,1185
4592141,,,Road,Primary,,South Auckland,,,409
4577267,,,Road,Primary,,South Auckland,,,415
4577313,,,Road,Primary,,South Auckland,,,548
4577290,,,Road,Primary,,South Auckland,,,687070
4578064,,,Road,Primary,,South Auckland,,,70
4590858,,,Road,Primary,,South Auckland,,,1454
4579360,,,Road,Primary,,South Auckland,,,178622
4597086,,,Road,Primary,,South Auckland,,,1159
4579800,,,Road,Primary,,South Auckland,,,1079
4591174,,,Road,Primary,,South Auckland,,,511
4580233,,,Road,Primary,,South Auckland,,,90
4591192,,,Road,Primary,,South Auckland,,,407
4581482,,,Road,Primary,,South Auckland,,,276
4591384,,,Road,Primary,,South Auckland,,,2451
4601825,,,Road,Primary,,South Auckland,,,1046
4582766,,,Road,Primary,,South Auckland,,,376
4588428,,,Road,Primary,,South Auckland,,,1725
4583392,,,Road,Primary,,South Auckland,,,3774
4583379,,,Road,Primary,,South Auckland,,,540
4593720,,,Road,Primary,,South Auckland,,,912
4583592,,,Road,Primary,,South Auckland,,,14194
4593524,,,Road,Primary,,South Auckland,,,584
4584099,,,Road,Primary,,South Auckland,,,98
4584350,,,Road,Primary,,South Auckland,,,605
4591480,,,Road,Primary,,South Auckland,,,467
4584392,,,Road,Primary,,South Auckland,,,708
4593231,,,Road,Primary,,South Auckland,,,1118
4591577,,,Road,Primary,,South Auckland,,,369
4593310,,,Road,Primary,,South Auckland,,,1073
4593312,,,Road,Primary,,South Auckland,,,348
4585644,,,Road,Primary,,South Auckland,,,322
4590848,,,Road,Primary,,South Auckland,,,352
4586195,,,Road,Primary,,South Auckland,,,406
4586387,,,Road,Primary,,South Auckland,,,834
4586371,,,Road,Primary,,South Auckland,,,738
4591458,,,Road,Primary,,South Auckland,,,4532
4587034,,,Road,Primary,,South Auckland,,,6372
4587052,,,Road,Primary,,South Auckland,,,462709
4587066,,,Road,Primary,,South Auckland,,,359408
4591668,,,Road,Primary,,South Auckland,,,781
4587581,,,Road,Primary,,South Auckland,,,591
4587883,,,Road,Primary,,South Auckland,,,1902
4588525,,,Road,Primary,,South Auckland,,,931
4592087,,,Road,Primary,,South Auckland,,,702
4588574,,,Road,Primary,,South Auckland,,,12961
4588588,,,Road,Primary,,South Auckland,,,440
4589062,,,Road,Primary,,South Auckland,,,74
4588859,,,Road,Primary,,South Auckland,,,96
4588959,,,Road,Primary,,South Auckland,,,3408
4588991,,,Road,Primary,,South Auckland,,,2489
4608375,Crown Land Block VIII (under action) Ngaere Survey District,SO 835,DCDB,Primary,,Taranaki,,348030.0,392214
4667426,Lot 2 DP 19107,DP 19107,DCDB,Primary,,Taranaki,TNK2/1096,1.0,1
4605636,,,Hydro,Primary,,South Auckland,,,99135
4605883,,,Hydro,Primary,,South Auckland,,,71770
4605979,,,Hydro,Primary,,South Auckland,,,83890
4606421,,,Hydro,Primary,,South Auckland,,,21365
4606658,,,Hydro,Primary,,South Auckland,,,113666
4606680,,,Hydro,Primary,,South Auckland,,,48334
4606682,,,Hydro,Primary,,South Auckland,,,35079
4606763,,,Hydro,Primary,,South Auckland,,,175896
4606792,,,Hydro,Primary,,South Auckland,,,381966
4606893,,,Hydro,Primary,,South Auckland,,,92144
4606955,,,Hydro,Primary,,South Auckland,,,84821
4607121,,,Hydro,Primary,,South Auckland,,,277498
4607275,,,Hydro,Primary,,South Auckland,,,228582
4607281,,,Hydro,Primary,,South Auckland,,,215740
4607454,,,Hydro,Primary,,South Auckland,,,209911
4607738,,,Hydro,Primary,,South Auckland,,,6364973
4681111,,,Road,Primary,,Taranaki,,,124370
4626551,Lot 2 DP 15094,DP 15094,DCDB,Primary,,Taranaki,"TNH1/104, TNH1/105",510.0,510
4679221,,,Road,Primary,,Taranaki,,,728393
4679938,,,Road,Primary,,Taranaki,,,483166
4681199,,,Road,Primary,,Taranaki,,,890494
4681695,,,Road,Primary,,Taranaki,,,125914
4682273,,,Road,Primary,,Taranaki,,,114321
4683777,,,Road,Primary,,Taranaki,,,189509
4687890,,,Road,Primary,,Taranaki,,,200
4688737,,,Hydro,Primary,,Taranaki,,,141936
4688741,,,Hydro,Primary,,Taranaki,,,48205
4688448,,,Road,Primary,,Taranaki,,,168004
4689028,,,Hydro,Primary,,Taranaki,,,26757
4689040,,,Hydro,Primary,,Taranaki,,,289271
4689044,,,Hydro,Primary,,Taranaki,,,86536
4689184,,,Hydro,Primary,,Taranaki,,,262800
4689202,,,Hydro,Primary,,Taranaki,,,133927
4689180,,,Hydro,Primary,,Taranaki,,,41185
4689231,,,Hydro,Primary,,Taranaki,,,39434
4689396,,,Hydro,Primary,,Taranaki,,,88751
4689467,,,Hydro,Primary,,Taranaki,,,168219
6596931,Part Lot 340 DPS 1566,,Fee Simple Title,Primary,,South Auckland,SA1416/95,13.0,12
6866371,,,Hydro,Primary,,Taranaki,,,67514
7148107,Lot 2 DP 412684,DP 412684,Fee Simple Title,Primary,,South Auckland,447170,1.0,0
7179820,Lot 11 DP 408678,DP 408678,Fee Simple Title,Primary,,South Auckland,485535,2.0,3
7195145,Part Lot 5 DP 12989,,Fee Simple Title,Primary,,South Auckland,SA361/95,23.0,16
4789727,Part Lot 3 Allot 64 Section 1 SBRS OF Auckland,SO 663,DCDB,Primary,,North Auckland,,,1
4821177,Closed Road Survey Office Plan 14022,SO 14022,DCDB,Primary,,North Auckland,,7.0,8
4827816,Lot 2 DP 165098,DP 165098,DCDB,Primary,,North Auckland,NA99B/977,22979.0,22972
4832981,Lot 3 DP 31226,DP 31226,DCDB,Primary,,North Auckland,NA801/224,68.0,24
4844665,Crown Land,,DCDB,Primary,[Create] Conservation Park Sec 61 Conservation Act 1987,North Auckland,,,178212
4860684,Crown Land,,DCDB,Primary,[Create] Crown Land Reserved from Sale Sec 58 Land Act 1948,North Auckland,,,233094
4872105,Crown Land,,DCDB,Primary,[Create] Crown Land Reserved from Sale (Marginal Strip) Sec 122 Land Act 1908,North Auckland,,,211746
4902910,Coppermine Island Old Land Claim 203,"OLC 203, SO 46645",DCDB,Primary,"[Referenced] Classification of Reserve. New Zealand Gazette 2010 p 79 Nature Reserve.
[Referenced] Nature Reserve New Zealand Gazette 2010 p 190 Revocation of a Notice Relating to a Reserve and Issue of Fresh Notice",North Auckland,,313631.0,773083
4937273,Lot 2 DP 38555,DP 38555,DCDB,Primary,,North Auckland,NA7A/846,726.0,727
4991598,Lot 161 DP 6975,DP 6975,DCDB,Primary,[Create] Historic Reserve [Kawau Island Historic Reserve] New Zealand Gazette 1982 p 3395,North Auckland,,1012.0,1045
5008028,Lot 3 DP 155195,DP 155195,DCDB,Primary,,North Auckland,"NA92C/966, NA94A/279",12.0,12
5014167,Crown Land,,DCDB,Primary,[Create] Riverbank Reserve Sec 129 Land Act 1924,North Auckland,,,181271
5030697,Lot 4 DP 61316,DP 61316,DCDB,Primary,,North Auckland,NA18B/1061,5.0,5
5266127,,,Hydro,Primary,,North Auckland,,,258258
5043516,Part Tidal Lands of Manukau Harbour Survey Office Plan 67474,SO 67474,DCDB,Primary,[Create] Revested in the Crown Sec 5 Foreshore and Seabed Endowment Revesting Act 1991,North Auckland,,802300.0,778257
5116430,Lot 2 DP 58587,DP 58587,DCDB,Primary,,North Auckland,NA13B/1218,13.0,12
5122300,Lot 3 DP 22134,DP 22134,DCDB,Primary,,North Auckland,NA610/117,3.0,2
5140953,Part Lot 20 DP 27798,DP 27798,DCDB,Primary,,North Auckland,NA845/210,,3
5149456,Part Lot 20 DEEDS 76,DEED 76,DCDB,Primary,,North Auckland,,,9
5195505,Part Waireia D Block,ML 9450,DCDB,Primary,,North Auckland,NA88C/131,12102949.0,12115081
5245752,,,Road,Primary,,North Auckland,,,507
5205526,,,Road,Primary,,North Auckland,,,141
5205942,,,Road,Primary,,North Auckland,,,3544
5206108,,,Road,Primary,,North Auckland,,,123
5206206,,,Road,Primary,,North Auckland,,,914
5211903,,,Road,Primary,,North Auckland,,,322
5213110,,,Road,Primary,,North Auckland,,,896
5242800,,,Road,Primary,,North Auckland,,,387
5213556,,,Road,Primary,,North Auckland,,,134
5215059,,,Road,Primary,,North Auckland,,,4334
5217056,,,Road,Primary,,North Auckland,,,387
5215618,,,Road,Primary,,North Auckland,,,284
5233016,,,Road,Primary,,North Auckland,,,180
5232002,,,Road,Primary,,North Auckland,,,1833
5255902,,,Road,Primary,,North Auckland,,,178
5216307,,,Road,Primary,,North Auckland,,,4133
5216405,,,Road,Primary,,North Auckland,,,2394
5216402,,,Road,Primary,,North Auckland,,,216
5243103,,,Road,Primary,,North Auckland,,,965
5243105,,,Road,Primary,,North Auckland,,,562
5217418,,,Road,Primary,,North Auckland,,,4253
5217484,,,Road,Primary,,North Auckland,,,2011
5217972,,,Road,Primary,,North Auckland,,,507
5217965,,,Road,Primary,,North Auckland,,,1765
5217991,,,Road,Primary,,North Auckland,,,97
5218585,,,Road,Primary,,North Auckland,,,5097
5219042,,,Road,Primary,,North Auckland,,,1986
5266130,,,Hydro,Primary,,North Auckland,,,592376
5243671,,,Road,Primary,,North Auckland,,,451
5229634,,,Road,Primary,,North Auckland,,,1129
5219616,,,Road,Primary,,North Auckland,,,2446
5219774,,,Road,Primary,,North Auckland,,,796
5219851,,,Road,Primary,,North Auckland,,,340
5219888,,,Road,Primary,,North Auckland,,,76
5241923,,,Road,Primary,,North Auckland,,,565
5220294,,,Road,Primary,,North Auckland,,,413
5220321,,,Road,Primary,,North Auckland,,,64
5220630,,,Road,Primary,,North Auckland,,,2996
5221409,,,Road,Primary,,North Auckland,,,3873
5222505,,,Road,Primary,,North Auckland,,,139
5222658,,,Road,Primary,,North Auckland,,,1622
5266348,,,Hydro,Primary,,North Auckland,,,202305
5222743,,,Road,Primary,,North Auckland,,,82
5223091,,,Road,Primary,,North Auckland,,,103
5223173,,,Road,Primary,,North Auckland,,,557
5223374,,,Road,Primary,,North Auckland,,,847
5223694,,,Road,Primary,,North Auckland,,,173
5223680,,,Road,Primary,,North Auckland,,,3754
5223877,,,Road,Primary,,North Auckland,,,109953
5247951,,,Road,Primary,,North Auckland,,,742
5244101,,,Road,Primary,,North Auckland,,,375
5246044,,,Road,Primary,,North Auckland,,,409
5243428,,,Road,Primary,,North Auckland,,,526
5224659,,,Road,Primary,,North Auckland,,,616
5224722,,,Road,Primary,,North Auckland,,,925
5224968,,,Road,Primary,,North Auckland,,,355
5225152,,,Road,Primary,,North Auckland,,,2953
5225569,,,Road,Primary,,North Auckland,,,753
5226252,,,Road,Primary,,North Auckland,,,747
5226668,,,Road,Primary,,North Auckland,,,498
5226664,,,Road,Primary,,North Auckland,,,1600
5226918,,,Road,Primary,,North Auckland,,,1527
5226996,,,Road,Primary,,North Auckland,,,1303
5227339,,,Road,Primary,,North Auckland,,,673
5227347,,,Road,Primary,,North Auckland,,,860
5227663,,,Road,Primary,,North Auckland,,,543
5228142,,,Road,Primary,,North Auckland,,,950
5244796,,,Road,Primary,,North Auckland,,,2785
5229952,,,Road,Primary,,North Auckland,,,58
5228728,,,Road,Primary,,North Auckland,,,1085
5228789,,,Road,Primary,,North Auckland,,,14038
5228819,,,Road,Primary,,North Auckland,,,859
5228988,,,Road,Primary,,North Auckland,,,707
5244016,,,Road,Primary,,North Auckland,,,694
5229468,,,Road,Primary,,North Auckland,,,899
5229864,,,Road,Primary,,North Auckland,,,226
5230394,,,Road,Primary,,North Auckland,,,438
5242640,,,Road,Primary,,North Auckland,,,701
5230168,,,Road,Primary,,North Auckland,,,3400
5230138,,,Road,Primary,,North Auckland,,,517
5241146,,,Road,Primary,,North Auckland,,,551
5243842,,,Road,Primary,,North Auckland,,,1099
5248921,,,Road,Primary,,North Auckland,,,425
5232071,,,Road,Primary,,North Auckland,,,1313
5230682,,,Road,Primary,,North Auckland,,,2830
5230673,,,Road,Primary,,North Auckland,,,1164
5263289,,,Road,Primary,,North Auckland,,,1523
5263425,,,Road,Primary,,North Auckland,,,346
5262772,,,Road,Primary,,North Auckland,,,248
5262848,,,Road,Primary,,North Auckland,,,852
5262936,,,Road,Primary,,North Auckland,,,407
5262943,,,Road,Primary,,North Auckland,,,453
5263475,,,Road,Primary,,North Auckland,,,554
5264013,,,Road,Primary,,North Auckland,,,460
5264031,,,Road,Primary,,North Auckland,,,1543
5264327,,,Road,Primary,,North Auckland,,,458
5264640,,,Hydro,Primary,,North Auckland,,,65812
6592390,Lot 5 DP 211492,DP 211492,Fee Simple Title,Primary,,North Auckland,202442,6.0,6
5264705,,,Hydro,Primary,,North Auckland,,,833
5264681,,,Hydro,Primary,,North Auckland,,,203
5266872,,,Hydro,Primary,,North Auckland,,,93173
5264713,,,Hydro,Primary,,North Auckland,,,80
5264699,,,Hydro,Primary,,North Auckland,,,28866
6560936,Lot 1 DP 211000,DP 211000,Fee Simple Title,Primary,,North Auckland,NA139A/752,1104.0,1103
6556110,Lot 2 DP 211556,DP 211556,Fee Simple Title,Primary,,North Auckland,NA139C/278,11180.0,11172
5265649,,,Hydro,Primary,,North Auckland,,,255177
5264785,,,Hydro,Primary,,North Auckland,,,35975
6558877,Lot 1 DP 198187,DP 198187,Fee Simple Title,Primary,,North Auckland,NA126A/715,40021.0,39997
5264861,,,Hydro,Primary,,North Auckland,,,75164
6558656,Lot 3 DP 308470,DP 308470,Fee Simple Title,Primary,,North Auckland,32689,409.0,409
5264927,,,Hydro,Primary,,North Auckland,,,587861
5264932,,,Hydro,Primary,,North Auckland,,,118635
6556193,Lot 18 DP 211534,DP 211534,Fee Simple Title,Primary,,North Auckland,"NA139C/233, NA139C/234, NA139C/235, NA139C/236",172.0,173
6556092,Lot 4 DP 205542,DP 205542,Fee Simple Title,Primary,,North Auckland,NA133D/993,4014.0,4013
6556067,Lot 1 DP 209384,DP 209384,Fee Simple Title,Primary,,North Auckland,NA137B/476,643.0,643
6556068,Lot 2 DP 209384,DP 209384,Fee Simple Title,Primary,,North Auckland,NA137B/477,547.0,547
6556467,Lot 2 DP 199496,"DP 199496, DP 341560",Fee Simple Title,Primary,,North Auckland,NA126B/553,8650.0,8646
5267222,,,Hydro,Primary,,North Auckland,,,21387623
5265129,,,Hydro,Primary,,North Auckland,,,1709
5266067,,,Hydro,Primary,,North Auckland,,,289773
5265157,,,Hydro,Primary,,North Auckland,,,74268
6556180,Lot 5 DP 211534,DP 211534,Fee Simple Title,Primary,,North Auckland,NA139C/226,373.0,374
5265147,,,Hydro,Primary,,North Auckland,,,63296
5265175,,,Hydro,Primary,,North Auckland,,,565
6556186,Lot 11 DP 211534,DP 211534,Fee Simple Title,Primary,,North Auckland,NA139C/232,316.0,317
5265228,,,Hydro,Primary,,North Auckland,,,58494
6556231,Lot 133 DP 210875,DP 210875,Fee Simple Title,Primary,,North Auckland,NA139A/498,550.0,550
6565401,Lot 78 DP 210700,DP 210700,Fee Simple Title,Primary,,North Auckland,NA139A/91,601.0,602
6556228,Lot 130 DP 210875,DP 210875,Fee Simple Title,Primary,,North Auckland,NA139A/495,550.0,550
5265262,,,Hydro,Primary,,North Auckland,,,81255
6558998,Lot 2 DP 203783,DP 203783,Fee Simple Title,Primary,,North Auckland,NA132B/627,281.0,281
5265295,,,Hydro,Primary,,North Auckland,,,456
6558885,Crown Land,DP 198187,Definition,Primary,,North Auckland,,,123
5265396,,,Hydro,Primary,,North Auckland,,,5031
6558900,Lot 1 DP 210091,DP 210091,Fee Simple Title,Primary,,North Auckland,NA138B/210,414.0,413
6558901,Lot 2 DP 210091,DP 210091,Fee Simple Title,Primary,,North Auckland,NA138B/211,421.0,421
6558905,Lot 2 DP 308575,DP 308575,Fee Simple Title,Primary,,North Auckland,33163,562.0,562
6554722,Lot 1 DP 210521,DP 210521,Fee Simple Title,Primary,,North Auckland,NA138C/79,647.0,647
6554723,Lot 2 DP 210521,DP 210521,Fee Simple Title,Primary,,North Auckland,NA138C/80,594.0,594
5265466,,,Hydro,Primary,,North Auckland,,,98457
5265511,,,Hydro,Primary,,North Auckland,,,117051
6562191,Lot 6 DP 210992,DP 210992,Fee Simple Title,Primary,,North Auckland,NA139A/728,285.0,285
5265690,,,Hydro,Primary,,North Auckland,,,832
5265499,,,Hydro,Primary,,North Auckland,,,96
5265513,,,Hydro,Primary,,North Auckland,,,90
5266351,,,Hydro,Primary,,North Auckland,,,70906
5266195,,,Hydro,Primary,,North Auckland,,,68892
6554956,Lot 2 DP 210523,"DP 210523, DP 327297",Fee Simple Title,Primary,,North Auckland,NA138C/82,447.0,447
5265795,,,Hydro,Primary,,North Auckland,,,23
5265552,,,Hydro,Primary,,North Auckland,,,194
6562205,Lot 2 DP 209539,DP 209539,Fee Simple Title,Primary,,North Auckland,NA137B/881,401.0,400
6555047,Lot 2 DP 210547,DP 210547,Fee Simple Title,Primary,,North Auckland,NA138C/117,1206.0,1205
6555073,Lot 1 DP 308218,DP 308218,Fee Simple Title,Primary,,North Auckland,31879,20986.0,20979
6556298,Lot 1 DP 199475,DP 199475,Fee Simple Title,Primary,,North Auckland,NA126B/516,433.0,433
6556299,Lot 2 DP 199475,DP 199475,Fee Simple Title,Primary,,North Auckland,NA126B/517,417.0,417
6556308,Lot 1 DP 209658,DP 209658,Fee Simple Title,Primary,,North Auckland,NA137C/268,3060.0,3060
6565191,Lot 4 DP 309603,DP 309603,Fee Simple Title,Primary,,North Auckland,"37608, 37609, 37610",89.0,89
6555076,Lot 4 DP 308218,DP 308218,Hydro,Primary,,North Auckland,,630.0,681
5266332,,,Hydro,Primary,,North Auckland,,,329828
6555077,Lot 5 DP 308218,DP 308218,Vesting on Deposit for Local Purpose Reserve,Primary,[Referenced] Vesting on Deposit for Local Purpose Reserve Vested on DP 308218,North Auckland,31882,490.0,477
5265631,,,Hydro,Primary,,North Auckland,,,140
5265646,,SO 415729,Hydro,Primary,,North Auckland,,,91900
6558657,Lot 4 DP 308470,DP 308470,Fee Simple Title,Primary,,North Auckland,32690,411.0,411
6555275,Lot 1 DP 211768,DP 211768,Fee Simple Title,Primary,,North Auckland,NA139D/208,405.0,405
6555276,Lot 2 DP 211768,DP 211768,Fee Simple Title,Primary,,North Auckland,NA139D/209,405.0,405
6556421,Lot 1 DP 212145,DP 212145,Fee Simple Title,Primary,,North Auckland,NA140A/452,467.0,467
6556329,Lot 1 DP 188984,DP 198772,Fee Simple Title,Primary,,North Auckland,NA118D/649,4100.0,4097
5265780,,,Hydro,Primary,,North Auckland,,,79
5266400,,,Hydro,Primary,,North Auckland,,,77
5266502,,,Hydro,Primary,,North Auckland,,,260192
5267692,,,Hydro,Primary,,North Auckland,,,4432087
5267359,,,Hydro,Primary,,North Auckland,,,271703
5266782,,,Hydro,Primary,,North Auckland,,,73960
5266956,,,Hydro,Primary,,North Auckland,,,108886
5267172,,,Hydro,Primary,,North Auckland,,,1936532
5267544,,,Hydro,Primary,,North Auckland,,,2513872
6776861,Lot 5 DP 346325,DP 346325,Fee Simple Title,Primary,,North Auckland,190416,10637.0,10634
6776862,Lot 6 DP 346325,DP 346325,Fee Simple Title,Primary,,North Auckland,190417,21770.0,21763
6777003,Lot 16 DP 349707,DP 349707,Fee Simple Title,Primary,,North Auckland,203565,1100.0,1101
6777004,Lot 17 DP 349707,DP 349707,Fee Simple Title,Primary,,North Auckland,203566,1400.0,1401
6777820,Lot 15 DP 345898,DP 345898,Fee Simple Title,Primary,,North Auckland,188132,485.0,485
6873343,Marked A SO 69061,SO 69061,Hydro,Primary,"[Referenced] Marine Reserve [Poor Knights Islands Marine Reserve] the, Marine Reserves Act 1971 Marine Reserve (Poor Knights Islands) Order 1981",North Auckland,,7300000.0,7024290
7008259,Lot 1 DP 326610,DP 326610,Fee Simple Title,Primary,,North Auckland,108096,4114460.0,4145067
7369123,Part Lot 3 DP 14376,,Fee Simple Title,Primary,,North Auckland,NA349/9,15.0,7
3000699,Crown Land Block IV Upper Taieri Survey District,SO 1827,DCDB,Primary,[Create] Crown Land Reserved from Sale (Marginal Strip) Sec 58 Land Act 1948,Otago,,,130365
3058924,Crown Land Block XII Wilkin Survey District,SO 16440,DCDB,Primary,[Create] Crown Land Reserved from Sale (Marginal Strip) Sec 58 Land Act 1948,Otago,,,335164
3062402,Crown Land Block XI Tuapeka East Survey District,SO 23534,DCDB,Primary,[Create] Crown Land Reserved from Sale (Marginal Strip) Sec 58 Land Act 1948,Otago,,,137885
3063813,Crown Land (Reserve) Block IV Gimmerburn Survey District,SO 472,DCDB,Primary,,Otago,,,97210
3067030,Part RUN 97A,SO 16440,DCDB,Primary,[Create] National Park [Mount Aspiring National Park] New Zealand Gazette 1971 p 1675,Otago,,,30646630
3073134,Part Lot 5 DP 2100,DP 2100,DCDB,Primary,,Otago,OT7D/411,453.0,456
3079635,Part RUN 171E,"ROLL NE 1880 RUNS, SO 677",Fee Simple Title,Primary,,Otago,OT18B/854,17572030.0,18623034
3096289,Crown Land Block I Mount Hyde Survey District,SO 13601,DCDB,Primary,[Create] Crown Land Reserved from Sale (Marginal Strip) Sec 58 Land Act 1948,Otago,,,218519
3134035,Crown Land,SO 13257,DCDB,Primary,"[Create] Water Power Development New Zealand Gazette 1969 p 856
[Referenced] Declared Crown land. New Zealand Gazette 2002 p 1567 Subject to the Land Act 1948.   Lake Benmore.",Otago,,376358.0,194804
3134375,Crown Land Block III St Bathans Survey District,SO 607,DCDB,Primary,[Create] Crown Land Reserved from Sale (Marginal Strip) Sec 58 Land Act 1948,Otago,,,154452
3157532,Crown Land (Creek Reserve) Block III Poolburn Survey District,SO 1425,DCDB,Primary,,Otago,,,84120
3180369,,,Road,Primary,,Otago,,,96245
3195490,,,Road,Primary,,Otago,,,582
3172368,,,Road,Primary,,Otago,,,2707
3172371,,,Road,Primary,,Otago,,,14860
3181826,,,Road,Primary,,Otago,,,279069
3175648,,,Road,Primary,,Otago,,,176357
3175756,,,Road,Primary,,Otago,,,186442
3176611,,,Road,Primary,,Otago,,,148308
3177130,,,Road,Primary,,Otago,,,153461
3177325,,,Road,Primary,,Otago,,,339793
3178622,,,Road,Primary,,Otago,,,148884
3179356,,,Road,Primary,,Otago,,,58522
3180947,,,Road,Primary,,Otago,,,462901
3181015,,,Road,Primary,,Otago,,,157940
3181982,,,Road,Primary,,Otago,,,130601
3182316,,,Road,Primary,,Otago,,,120664
3183024,,,Road,Primary,,Otago,,,141253
3183535,,,Road,Primary,,Otago,,,139703
3186208,,,Road,Primary,,Otago,,,70313
3186611,,,Road,Primary,,Otago,,,317690
3187496,,,Road,Primary,,Otago,,,161231
3191086,,,Road,Primary,,Otago,,,374449
3201174,,,Hydro,Primary,,Otago,,,66004
3200658,,,Hydro,Primary,,Otago,,,134477
3201192,,,Hydro,Primary,,Otago,,,244647
3200853,,,Hydro,Primary,,Otago,,,1533105
3200908,,,Hydro,Primary,,Otago,,,71937
3200991,,,Hydro,Primary,,Otago,,,36190
3201028,,,Hydro,Primary,,Otago,,,11506
3201169,,,Hydro,Primary,,Otago,,,106584
3201233,,,Hydro,Primary,,Otago,,,184521
3201267,,,Hydro,Primary,,Otago,,,31585
3201322,,,Hydro,Primary,,Otago,,,1441765
3201424,,,Hydro,Primary,,Otago,,,293817
3201453,,,Hydro,Primary,,Otago,,,41676
3201476,,,Hydro,Primary,,Otago,,,214002
3201519,,,Hydro,Primary,,Otago,,,63201
3287015,,,Road,Primary,,Southland,,,232151
3287023,,,Road,Primary,,Southland,,,330224
3290461,,,Road,Primary,,Southland,,,275161
3292746,,,Road,Primary,,Southland,,,354892
3292844,,,Road,Primary,,Southland,,,161073
3293471,,,Road,Primary,,Southland,,,189331
3301547,,,Hydro,Primary,,Southland,,,2920595
3316881,RES 3262,SO 11896,DCDB,Primary,[Create] State Forest New Zealand Gazette 1898 p 1457,Canterbury,,33265159.0,10320339
3337322,Lot 14 DP 14852,DP 14852,DCDB,Primary,,Canterbury,CB531/192,1.0,1
3357165,RES 3302,SO 11563,DCDB,Primary,[Create] State Forest [Wilberforce State Forest 25] New Zealand Gazette 1898 p 1457,Canterbury,,10845575.0,3526463
3363865,RES 4174,SO 13774,DCDB,Primary,[Create] National Park [Aoraki/Mount Cook National Park] New Zealand Gazette 1953 p 1662,Canterbury,,71700000.0,71494264
3369962,RES 3262,SO 11896,DCDB,Primary,[Create] State Forest New Zealand Gazette 1898 p 1457,Canterbury,,33265159.0,9054284
3409143,Crown Land Survey Office Plan 1526,SO 1526,DCDB,Primary,[Create] Crown Land Reserved from Sale Sec 235 Land Act 1892,Canterbury,,,98793
3429368,RES 3306,SO 11563,DCDB,Primary,[Create] State Forest [Wilberforce State Forest 25] New Zealand Gazette 1898 p 1457,Canterbury,,45891352.0,6579914
3483492,Lot 1 DP 1857,DP 1857,DCDB,Primary,,Canterbury,CB39D/179,1.0,1
3486344,Crown Land Survey Office Plan 1538,SO 1538,DCDB,Primary,[Create] Road Reserve Sec 235 Land Act 1892,Canterbury,,,257390
3526161,RES 3263,SO 11896,DCDB,Primary,[Create] State Forest New Zealand Gazette 1898 p 1457,Canterbury,,45162917.0,23282094
3533254,RES 3262,SO 11896,DCDB,Primary,[Create] State Forest New Zealand Gazette 1898 p 1457,Canterbury,,33265159.0,13759727
3540327,RES 3264,SO 11896,DCDB,Primary,[Create] State Forest New Zealand Gazette 1898 p 1457,Canterbury,,4532479.0,4554718
3545438,Lot 25 DP 14852,DP 14852,DCDB,Primary,,Canterbury,CB537/175,1.0,0
3594178,,,Hydro,Primary,,Canterbury,,,84261
3554227,RS 42161,SO 18806,DCDB,Primary,"[Create] Permanent State Forest New Zealand Gazette 1938 p 226
[Create] State Forest New Zealand Gazette 1959 p 988",Canterbury,,40780000.0,40801032
3555661,Crown Land Survey Office Plan 13469,SO 13469,DCDB,Primary,[Create] Crown Land Reserved from Sale (Marginal Strip) Sec 58 Land Act 1948,Canterbury,,,241317
3558796,,,Road,Primary,,Canterbury,,,5757
3559432,,,Road,Primary,,Canterbury,,,3738
3559492,,,Road,Primary,,Canterbury,,,8498
3559499,,,Road,Primary,,Canterbury,,,2086
3559505,,,Road,Primary,,Canterbury,,,2834
3570473,,,Road,Primary,,Canterbury,,,200910
3577509,,,Road,Primary,,Canterbury,,,98196
3579861,,,Road,Primary,,Canterbury,,,151504
3591886,,,Road,Primary,,Canterbury,,,536
3591605,,,Road,Primary,,Canterbury,,,462
3591707,,,Road,Primary,,Canterbury,,,16915
3591957,,,Road,Primary,,Canterbury,,,467
3592741,,,Hydro,Primary,,Canterbury,,,225051
3592655,,,Hydro,Primary,,Canterbury,,,32312
3592854,,,Hydro,Primary,,Canterbury,,,64973
3592867,,,Hydro,Primary,,Canterbury,,,65675
3592961,,,Hydro,Primary,,Canterbury,,,67471
3593111,,,Hydro,Primary,,Canterbury,,,92287
3593692,,,Hydro,Primary,,Canterbury,,,60496
3593593,,,Hydro,Primary,,Canterbury,,,557668
3594091,RS 40534,,Fee Simple Title,Primary,,Canterbury,CB35A/1077,1500000.0,1522723
3594095,,,Hydro,Primary,,Canterbury,,,7473519
3594123,,,Hydro,Primary,,Canterbury,,,3532171
3667637,,,Road,Primary,,Nelson,,,1530
3661853,,,Road,Primary,,Nelson,,,262311
3662146,,,Road,Primary,,Nelson,,,113143
3662445,,,Road,Primary,,Nelson,,,174709
3663424,,,Road,Primary,,Nelson,,,121728
3663534,,,Road,Primary,,Nelson,,,392064
3663779,,,Road,Primary,,Nelson,,,876
3663793,,,Road,Primary,,Nelson,,,8828
3664088,,,Road,Primary,,Nelson,,,1324
3664514,,,Road,Primary,,Nelson,,,902
3664214,,,Road,Primary,,Nelson,,,1704
3664247,,,Road,Primary,,Nelson,,,144800
3664394,,,Road,Primary,,Nelson,,,53
3664630,,,Road,Primary,,Nelson,,,999
3664494,,,Road,Primary,,Nelson,,,906
3664687,,,Road,Primary,,Nelson,,,1138
3668757,,,Road,Primary,,Nelson,,,843
3664818,,,Road,Primary,,Nelson,,,1060
3665086,,,Road,Primary,,Nelson,,,1242
3668917,,,Road,Primary,,Nelson,,,317
3665299,,,Road,Primary,,Nelson,,,1546
3665498,,,Road,Primary,,Nelson,,,212241
3665545,,,Road,Primary,,Nelson,,,9663
3665559,,,Road,Primary,,Nelson,,,607
3666098,,,Road,Primary,,Nelson,,,1508
3666193,,,Road,Primary,,Nelson,,,108179
3666281,,,Road,Primary,,Nelson,,,506
3668831,,,Road,Primary,,Nelson,,,190
3666375,,,Road,Primary,,Nelson,,,606
3666386,,,Road,Primary,,Nelson,,,211016
3666734,,,Road,Primary,,Nelson,,,2009
3666703,,,Road,Primary,,Nelson,,,1327
3666712,,,Road,Primary,,Nelson,,,1942
3666744,,,Road,Primary,,Nelson,,,177455
3666904,,,Road,Primary,,Nelson,,,148344
3667735,,,Road,Primary,,Nelson,,,2229
3666975,,,Road,Primary,,Nelson,,,183347
3669000,,,Road,Primary,,Nelson,,,3741
3667108,,,Road,Primary,,Nelson,,,16241
3669005,,,Road,Primary,,Nelson,,,1083
3667260,,,Road,Primary,,Nelson,,,60
3667359,,,Road,Primary,,Nelson,,,229133
3668157,,,Road,Primary,,Nelson,,,1979
3667626,,,Road,Primary,,Nelson,,,199633
3667680,,,Road,Primary,,Nelson,,,1756
3667712,,,Road,Primary,,Nelson,,,241684
3667731,,,Road,Primary,,Nelson,,,2189
3667751,,,Road,Primary,,Nelson,,,1844
3667874,,,Road,Primary,,Nelson,,,154306
3672993,,,Hydro,Primary,,Nelson,,,129033
3671848,,,Hydro,Primary,,Nelson,,,68300
3672172,,,Hydro,Primary,,Nelson,,,10555150
3672285,,,Hydro,Primary,,Nelson,,,181165
3672426,,,Hydro,Primary,,Nelson,,,126121
3672475,,,Hydro,Primary,,Nelson,,,359909
3672815,,,Hydro,Primary,,Nelson,,,217232
3672658,,,Hydro,Primary,,Nelson,,,241310
3672810,,,Hydro,Primary,,Nelson,,,35105
3672811,,,Hydro,Primary,,Nelson,,,118412
3672814,,,Hydro,Primary,,Nelson,,,108347
3672851,,,Hydro,Primary,,Nelson,,,47834
3672920,,,Hydro,Primary,,Nelson,,,172239
3672990,,,Hydro,Primary,,Nelson,,,52101
3673047,,,Hydro,Primary,,Nelson,,,376226076
3679619,Part RES 1807,SO 5893,DCDB,Primary,"[Create] Conservation Park [Victoria Conservation Park] New Zealand Gazette 1981 p 1420, (Sec 61 Conservation Act 1987)",Westland,,,33128980
3680867,Part RS 4817,SO 5803,DCDB,Primary,"[Create] National Park [Mt Aspiring National Park] New Zealand Gazette 1971 p 1675
[Create] Wilderness Area [Mt Aspiring National Park] New Zealand Gazette 1997 p 600",Westland,,111187380.0,89536710
3686707,RS 6236,SO 10514,DCDB,Primary,[Create] National Park [Westland National Park] New Zealand Gazette 1982 p 2008,Westland,,48500000.0,48829710
3689241,Part RS 4856,SO 5806,DCDB,Primary,,Westland,,,909779
3689859,Part RES 1634,,DCDB,Primary,"[Create] Dedicated Area (DoC control) [Saltwater Ecological Area] New Zealand Gazette 1981 p 343, (Sec 61 Conservation Act 1987)",Westland,,,14303089
3694017,Part RES 1692,,DCDB,Primary,"[Create] State Forest Land (DoC Control) New Zealand Gazette 1919 p 1284, (Sec 62 Conservation Act 1987)",Westland,,,2736503
3697908,Crown Land Survey Office Plan 11969,SO 11969,DCDB,Primary,[Create] Wildlife Refuge [Whakapoai Wildlife Refuge] New Zealand Gazette 1993 p 1394,Westland,,650000.0,394006
3701321,,,Road,Primary,,Westland,,,103222
3700580,,,Road,Primary,,Westland,,,1038
3700615,,,Road,Primary,,Westland,,,808105
3700794,,,Road,Primary,,Westland,,,192015
3701706,,,Road,Primary,,Westland,,,499330
3702035,,,Road,Primary,,Westland,,,1006
3702043,,,Road,Primary,,Westland,,,9459
3702162,,,Road,Primary,,Westland,,,480
3702195,,,Road,Primary,,Westland,,,1028982
3702232,,,Road,Primary,,Westland,,,731898
3702290,,,Road,Primary,,Westland,,,810
3702361,,,Road,Primary,,Westland,,,5640
3702512,,,Road,Primary,,Westland,,,1072
3702579,,,Road,Primary,,Westland,,,5460
3702727,,,Road,Primary,,Westland,,,582448
3702605,,,Road,Primary,,Westland,,,5078
3702674,,,Road,Primary,,Westland,,,3901
3702783,,,Road,Primary,,Westland,,,3674
3702924,,,Road,Primary,,Westland,,,5069
3702959,,,Road,Primary,,Westland,,,406
3704699,,,Hydro,Primary,,Westland,,,403197
3704460,,,Hydro,Primary,,Westland,,,40797
3704497,,,Hydro,Primary,,Westland,,,183334
3704650,,,Hydro,Primary,,Westland,,,79112
3704846,,,Hydro,Primary,,Westland,,,106372
3704968,,,Hydro,Primary,,Westland,,,1871348
3705007,,,Hydro,Primary,,Westland,,,417891
3744464,,,Hydro,Primary,,Marlborough,,,9059438
3745215,,,Hydro,Primary,,Marlborough,,,9249549
3744754,,,Hydro,Primary,,Marlborough,,,4688164
3745077,,,Hydro,Primary,,Marlborough,,,7132464
3745262,,,Hydro,Primary,,Marlborough,,,252228
3745311,,,Hydro,Primary,,Marlborough,,,94669
3782920,Lot 1 DP 2119,DP 2119,Fee Simple Title,Primary,,Wellington,WNE2/337,11670122.0,11663540
3807970,Owhaoko A East Block,ML 1102,DCDB,Primary,,Wellington,491074,67339690.0,67429400
3886041,Crown Land Survey Office Plan 15494,SO 15494,DCDB,Primary,[Create] Crown Land Reserved from Sale (Marginal Strip) Sec 58 Land Act 1948,Wellington,,,39827
3822861,Part Lot 3 DP 4790,DP 4790,DCDB,Primary,,Wellington,WN44B/915,1087803.0,1055989
3824063,Lot 1 DP 80541,DP 80541,DCDB,Primary,,Wellington,WN47A/764,5060000.0,5022909
3824224,Crown Land Survey Office Plan 13137,SO 13137,DCDB,Primary,[Create] Crown Land Reserved from Sale (Marginal Strip) Sec 58 Land Act 1948,Wellington,,,50926
3870463,Tupapanui 2B2 Block,ML 2452/A,DCDB,Primary,,Wellington,WN7C/1272,7313681.0,7328211
3891722,Crown Land Survey Office Plan 23261,SO 23261,DCDB,Primary,[Create] Crown Land Reserved from Sale (Marginal Strip) Sec 58 Land Act 1948,Wellington,,,125700
3956418,Part Hautu 1B1B2 Block,ML 4406,DCDB,Primary,[Create] State Forest New Zealand Gazette 1939 p 399,Wellington,,,154239
3967199,Crown Land Survey Office Plan 15495,SO 15495,DCDB,Primary,[Create] Crown Land Reserved from Sale (Marginal Strip) Sec 58 Land Act 1948,Wellington,,,39678
4082755,,,Road,Primary,,Wellington,,,102184
4067483,,,Road,Primary,,Wellington,,,219667
4068346,,,Road,Primary,,Wellington,,,148205
4072826,,,Road,Primary,,Wellington,,,23730
4073349,,,Road,Primary,,Wellington,,,526
4094545,,,Road,Primary,,Wellington,,,135
4074345,,,Road,Primary,,Wellington,,,8365
4098292,,,Road,Primary,,Wellington,,,943
4075049,,,Road,Primary,,Wellington,,,915
4075375,,,Road,Primary,,Wellington,,,4570
4075842,,,Road,Primary,,Wellington,,,471
4093663,,,Road,Primary,,Wellington,,,304
4076727,,,Road,Primary,,Wellington,,,243608
4091741,,,Road,Primary,,Wellington,,,405
4094799,,,Road,Primary,,Wellington,,,153
4078115,,,Road,Primary,,Wellington,,,201673
4078512,,,Road,Primary,,Wellington,,,12265
4078551,,,Road,Primary,,Wellington,,,6482
4078604,,,Road,Primary,,Wellington,,,173242
4078837,,,Road,Primary,,Wellington,,,138367
4078950,,,Road,Primary,,Wellington,,,82634
4079158,,,Road,Primary,,Wellington,,,826
4080377,,,Road,Primary,,Wellington,,,405
4080571,,,Road,Primary,,Wellington,,,4846
4106094,,,Hydro,Primary,,Wellington,,,387924
4095123,,,Road,Primary,,Wellington,,,406
4082488,,,Road,Primary,,Wellington,,,2630
4082835,,,Road,Primary,,Wellington,,,145149
4088748,,,Road,Primary,,Wellington,,,217
4088795,,,Road,Primary,,Wellington,,,1845
4083219,,,Road,Primary,,Wellington,,,4086
4083400,,,Road,Primary,,Wellington,,,406
4083579,,,Road,Primary,,Wellington,,,458
4092298,,,Road,Primary,,Wellington,,,564
4084286,,,Road,Primary,,Wellington,,,130382
4084612,,,Road,Primary,,Wellington,,,1280
4092372,,,Road,Primary,,Wellington,,,429
4084641,,,Road,Primary,,Wellington,,,4007
4085087,,,Road,Primary,,Wellington,,,2350
4092979,,,Road,Primary,,Wellington,,,494
4092666,,,Road,Primary,,Wellington,,,849
4085484,,,Road,Primary,,Wellington,,,1256
4092548,,,Road,Primary,,Wellington,,,555
4091858,,,Road,Primary,,Wellington,,,342
4085871,,,Road,Primary,,Wellington,,,2286
4093176,,,Road,Primary,,Wellington,,,421
4091862,,,Road,Primary,,Wellington,,,867
4090323,,,Road,Primary,,Wellington,,,607
4086631,,,Road,Primary,,Wellington,,,6281
4106231,,,Hydro,Primary,,Wellington,,,866638
4104849,,,Hydro,Primary,,Wellington,,,42884
4104952,,,Hydro,Primary,,Wellington,,,36184
4104957,,,Hydro,Primary,,Wellington,,,23948
4105574,,,Hydro,Primary,,Wellington,,,103979
4107528,Crown Land Survey Office Plan 24465,SO 24465,DCDB,Primary,[Create] Crown Land Reserved from Sale (Marginal Strip) Sec 58 Land Act 1948,Wellington,,,194992
4105602,,,Hydro,Primary,,Wellington,,,40243
4105434,,,Hydro,Primary,,Wellington,,,95604
4105324,,,Hydro,Primary,,Wellington,,,376048
4105444,,,Hydro,Primary,,Wellington,,,833193
4105595,,,Hydro,Primary,,Wellington,,,112561
4105666,,,Hydro,Primary,,Wellington,,,209518
4105629,,,Hydro,Primary,,Wellington,,,76139
4105726,,,Hydro,Primary,,Wellington,,,35159
4105765,,,Hydro,Primary,,Wellington,,,143464
4105860,,,Hydro,Primary,,Wellington,,,342361
4105926,,,Hydro,Primary,,Wellington,,,267301
4105934,,,Hydro,Primary,,Wellington,,,107318
4105948,,,Hydro,Primary,,Wellington,,,438771
4106159,,,Hydro,Primary,,Wellington,,,114605
4106174,,,Hydro,Primary,,Wellington,,,64059
4106288,,,Hydro,Primary,,Wellington,,,385212
4106311,,,Hydro,Primary,,Wellington,,,227698
4106382,,,Hydro,Primary,,Wellington,,,545077
4106413,,,Hydro,Primary,,Wellington,,,769282
4107801,,,Road,Primary,,Wellington,,,259647
4107974,,,Hydro,Primary,,Wellington,,,68578
6518374,,DP 15127,Hydro,Primary,,Nelson,,,259532
6551630,,DP 304207,Hydro,Primary,,Canterbury,,,1305058
6650700,,DP 326692,Hydro,Primary,,Canterbury,,,350899
6665543,,DP 323767,Road,Primary,,Nelson,,,413543
3666715,,,Road,Primary,,Nelson,,,62207
6858117,Part Reserve 274,DP 365988,DCDB,Primary,,Westland,,,14
6976378,Area F SO 317601,,Hydro,Primary,[Referenced] Revocation and Issue of a new Notice Setting land apart for Scenic Reserve New Zealand Gazette 2007 p 1829 Vests in the Crown,Nelson,373456,521000.0,530203
7108160,,,Hydro,Primary,,Westland,,,27440
7177769,,DP 409844,Hydro,Primary,,Canterbury,,9500.0,8901
7203557,,,Road,Primary,,Otago,,,205851
7242767,,,Hydro,Primary,,Wellington,,,2325140
7361296,Part Lot 1 DP 2320,,Fee Simple Title,Primary,,Otago,OT10D/836,468.0,3
4156501,,,Hydro,Primary,,Gisborne,,,58786
4604074,,,Road,Primary,,South Auckland,,,327632
4603754,,,Road,Primary,,South Auckland,,,268139
4605515,,,Hydro,Primary,,South Auckland,,,2732
5266079,,,Hydro,Primary,,North Auckland,,,2426
5215234,,,Road,Primary,,North Auckland,,,1411
4134719,Lot 5 DP 9123,DP 9123,DCDB,Primary,,Gisborne,492927,89640.0,95646
5225302,,,Road,Primary,,North Auckland,,,2528
4605940,,,Hydro,Primary,,South Auckland,,,24368
6740784,,,Hydro,Primary,,North Auckland,,,1417
5216353,,,Road,Primary,,North Auckland,,,876
4606116,,,Hydro,Primary,,South Auckland,,,23026
4729944,Part Tidal Lands of Manukau Harbour Survey Office Plan 67474,SO 67474,DCDB,Primary,[Create] Revested in the Crown Sec 5 Foreshore and Seabed Endowment Revesting Act 1991,North Auckland,,65800.0,62861
6563164,,DP 307458,Road,Primary,,Taranaki,,,335988
5179306,Lot 2 DP 137326,DP 137326,DCDB,Primary,[Create] Local Purpose Reserve (Esplanade) Vested on DP 137326,North Auckland,,14910.0,14955
3008897,Lot 162 DP 8273,DP 8273,DCDB,Primary,,Otago,OTA1/205,649.0,650
5267318,,,Hydro,Primary,,North Auckland,,,218648
3663443,,,Road,Primary,,Nelson,,,38763
3665988,,,Road,Primary,,Nelson,,,254468
4108969,Part Arakihi 1 Block,ML 257/A,DCDB,Primary,,Gisborne,GS116/16,2842385.0,2787469
4135338,Crown Land Survey Office Plan 2343,SO 2343,DCDB,Primary,[Create] Crown Land Reserved from Sale (Marginal Strip) Sec 58 Land Act 1948,Gisborne,,,220539
4136889,Waihora A2 Block,ML 8522,DCDB,Primary,,Gisborne,GS5C/279,614690.0,619392
4104860,,,Hydro,Primary,,Wellington,,,112900
4105036,,,Hydro,Primary,,Wellington,,,133715
4105314,,,Hydro,Primary,,Wellington,,,167006
4105143,,,Hydro,Primary,,Wellington,,,307180
4756164,Lot 2 DP 194077,DP 194077,DCDB,Primary,,North Auckland,NA123C/690,125396.0,125266
4756126,Foreshore Lady Alice Island Survey Office Plan 46645,SO 46645,DCDB,Primary,"[Referenced] Classification of Reserve. New Zealand Gazette 2010 p 79 Nature Reserve.
[Referenced] Nature Reserve New Zealand Gazette 2010 p 190 Revocation of a Notice Relating to a Reserve and Issue of Fresh Notice",North Auckland,,,269831
4105346,,,Hydro,Primary,,Wellington,,,30331
4105183,,,Hydro,Primary,,Wellington,,,79595
4105283,,,Hydro,Primary,,Wellington,,,70149
6635613,,,Hydro,Primary,,Otago,,,176631
7121643,,,Hydro,Primary,,Canterbury,,,240911
4129760,Crown Land Survey Office Plan 3046,SO 3046,DCDB,Primary,[Create] Crown Land Reserved from Sale (Marginal Strip) Sec 58 Land Act 1948,Gisborne,,,107646
4151096,,,Road,Primary,,Gisborne,,,92507
4151315,,,Road,Primary,,Gisborne,,,45314
4151396,,,Road,Primary,,Gisborne,,,221839
4152485,,,Road,Primary,,Gisborne,,,890143
4156196,,,Hydro,Primary,,Gisborne,,,23084
4121725,Crown Land Survey Office Plan 6227,SO 6227,DCDB,Primary,[Create] Crown Land Reserved from Sale (Marginal Strip) Sec 58 Land Act 1948,Gisborne,,,162657
4124270,Lot 4 DP 8236,DP 8236,DCDB,Primary,"[Create] Crown Land Reserved from Sale (Marginal Strip) Sec 58 Land Act 1948
[Create] Local Purpose Reserve (Esplanade) Vested on DP 8236",Gisborne,GS5C/1133,58900.0,78392
4128038,Lot 4 DP 2880,DP 2880,DCDB,Primary,,Gisborne,GS109/43,1560061.0,1549299
4130570,Part Lot 6 DP 2880,DP 2880,Fee Simple Title,Primary,,Gisborne,GS109/42,850725.0,847244
4128109,Crown Land Survey Office Plan 6230,SO 6230,DCDB,Primary,[Create] Subject to the provision of Marginal Strips Sec 24 Conservation Act 1987,Gisborne,,,66318
4128196,Lot 5 DP 6898,DP 6898,DCDB,Primary,,Gisborne,GS4D/787,779.0,784
4146835,Lot 7 DP 8433,DP 8433,DCDB,Primary,,Gisborne,GS5D/1443,1982800.0,1975976
4150118,,,Road,Primary,,Gisborne,,,71344
4150323,,,Road,Primary,,Gisborne,,,55846
5215675,,,Road,Primary,,North Auckland,,,5455
4153448,,,Road,Primary,,Gisborne,,,588614
4156044,,,Hydro,Primary,,Gisborne,,,25128
4156186,,,Hydro,Primary,,Gisborne,,,238622
4156192,,,Hydro,Primary,,Gisborne,,,339832
4156425,,,Hydro,Primary,,Gisborne,,,35659
4156314,,,Hydro,Primary,,Gisborne,,,211411
4156445,,,Hydro,Primary,,Gisborne,,,115677
4156577,,,Hydro,Primary,,Gisborne,,,599090
6554585,Lot 6 DP 207805,DP 207805,Fee Simple Title,Primary,,North Auckland,"NA136B/253, NA136B/254, NA136B/255, NA136B/256, NA136B/257",166.0,166
4220826,Part Umutaoroa Block,,DCDB,Primary,[Create] State Forest [Ruahine State Forest Park] New Zealand Gazette 1900 p 429,Hawkes Bay,,18600000.0,14234897
6554611,Lot 1 DP 210122,DP 210122,Fee Simple Title,Primary,,North Auckland,NA138B/286,48220.0,48210
4169797,Lot 2 DP 4044,DP 4044,DCDB,Primary,,Hawkes Bay,HBA3/125,3330562.0,3348852
4373476,Crown Land Survey Office Plan 55941,SO 55941,DCDB,Primary,,South Auckland,,16680.0,16737
4172880,Mohaka B3 Block,ML 2573,DCDB,Primary,,Hawkes Bay,HBM2/380,427300.0,421851
4185300,Crown Land,,DCDB,Primary,[Create] State Forest [Ruahine State Forest Park] New Zealand Gazette 1900 p 429,Hawkes Bay,,5870000.0,5581820
4190681,Lot 1 DP 3038,DP 3038,DCDB,Primary,,Hawkes Bay,HBC3/976,13314157.0,13189854
4198644,Lot 2 DP 20499,DP 20499,DCDB,Primary,,Hawkes Bay,HBM1/958,3058500.0,3016132
4216197,Lot 2 DP 8628,DP 8628,DCDB,Primary,,Hawkes Bay,HBH3/868,1967783.0,1984784
4398629,Crown Land Survey Office Plan 25966,SO 25966,DCDB,Primary,[Create] Crown Land Reserved from Sale (Marginal Strip) Sec 58 Land Act 1948,South Auckland,,,24850
4237451,Lot 2 DP 26273,DP 26273,DCDB,Primary,,Hawkes Bay,HBW1/656,5667417.0,5695570
4272675,Crown Land Survey Office Plan 21376/6,SO 21376/6,DCDB,Primary,[Create] Crown Land Reserved from Sale (Marginal Strip) Sec 122 Land Act 1908,South Auckland,,,31211
4238648,Crown Land Survey Office Plan 7909,SO 7909,DCDB,Primary,[Create] Crown Land Reserved from Sale (Marginal Strip) Sec 58 Land Act 1948,Hawkes Bay,,,1833
4277934,Lot 3 DPS 73321,DPS 73321,DCDB,Primary,,South Auckland,SA59B/83,22100.0,20655
4239369,Part Lot 1 DP 3282,DP 3282,DCDB,Primary,[Create] State Forest [Kaweka State Forest Park] New Zealand Gazette 1974 p 155,Hawkes Bay,,17123858.0,13995504
4240620,Road Reserve,,DCDB,Primary,,Hawkes Bay,,,133453
4240975,Lot 1 DP 21181,DP 21181,DCDB,Primary,,Hawkes Bay,HBY2/590,72300.0,72630
4278515,Lot 40 DPS 11465,DPS 11465,DCDB,Primary,[Create] Local Purpose Reserve (Esplanade) Vested on DPS 11465,South Auckland,,11938.0,12352
4247211,,,Road,Primary,,Hawkes Bay,,,171722
4253964,,,Hydro,Primary,,Hawkes Bay,,,123963
4266119,Crown Land Survey Office Plan 34186,SO 34186,DCDB,Primary,[Create] Crown Land Reserved from Sale (Marginal Strip) Sec 58 Land Act 1948,South Auckland,,,143175
4287459,Crown Land Survey Office Plan 21592,SO 21592,DCDB,Primary,[Create] Crown Land Reserved from Sale (Marginal Strip) Sec 58 Land Act 1948,South Auckland,,,61842
4288234,Crown Land Survey Office Plan 52590,SO 52590,DCDB,Primary,[Create] Soil Conservation & River Control New Zealand Gazette 1984 p 94,South Auckland,,6625.0,6599
4316793,Lot 4 DPS 63080,DPS 63080,DCDB,Primary,[Create] Local Purpose Reserve (Esplanade) Vested on DPS 63080,South Auckland,220591,23390.0,22044
4607146,,,Hydro,Primary,,South Auckland,,,4806
4329476,Crown Land,,DCDB,Primary,[Create] Crown Land Reserved from Sale (Marginal Strip) Sec 58 Land Act 1948,South Auckland,,,43231
4344829,Crown Land Survey Office Plan 4328,SO 4328,DCDB,Primary,[Create] Crown Land Reserved from Sale (Marginal Strip) Regulations under Land Act 1885,South Auckland,,,37714
4352431,Crown Land Survey Office Plan 29290,SO 29290,DCDB,Primary,,South Auckland,,,7325
4364996,Crown Land Block ML 18160,ML 18160,DCDB,Primary,[Create] Crown Land Reserved from Sale (Marginal Strip) Sec 58 Land Act 1948,South Auckland,,,82769
4394828,Stopped Road Survey Office Plan 55943,SO 55943,DCDB,Primary,,South Auckland,,22250.0,22236
4399189,Crown Land,,DCDB,Primary,[Create] Crown Land Reserved from Sale (Marginal Strip) Sec 58 Land Act 1948,South Auckland,,,159127
4400867,Crown Land Survey Office Plan 40442,SO 40442,DCDB,Primary,[Create] Crown Land Reserved from Sale (Marginal Strip) Sec 58 Land Act 1948,South Auckland,,,40791
4408764,Crown Land Survey Office Plan 3457/1,SO 3457/1,DCDB,Primary,[Create] Crown Land Reserved from Sale (Marginal Strip) Sec 58 Land Act 1948,South Auckland,,,55860
4607587,,,Hydro,Primary,,South Auckland,,,2655
4605906,,,Hydro,Primary,,South Auckland,,,8948
4606239,,,Hydro,Primary,,South Auckland,,,4932
4433708,Lot 1 DPS 7081,DPS 7081,DCDB,Primary,[Create] Murupara Domain New Zealand Gazette 1962 p 1293,South Auckland,,182109.0,165210
4436272,Crown Land Survey Office Plan 44619,SO 44619,DCDB,Primary,[Create] Crown Land Reserved from Sale (Marginal Strip) Sec 58 Land Act 1948,South Auckland,,,61932
4436896,Lot 5 DPS 73321,DPS 73321,DCDB,Primary,[Create] Local Purpose Reserve (Esplanade) Vested on DPS 73321,South Auckland,SA59B/85,13000.0,13002
4489886,Tauhara South C Block,ML 22004,DCDB,Primary,,South Auckland,,9820.0,5182
4521073,Crown Land Survey Office Plan 41096,SO 41096,DCDB,Primary,[Create] Crown Land Reserved from Sale (Marginal Strip) Sec 110 Land Act 1892,South Auckland,,,23759
4930569,Lot 3 DP 145530,DP 145530,DCDB,Primary,,North Auckland,NA86B/466,7461.0,6841
4483667,Part Tauranga Taupo 1A Block,ML 15544,DCDB,Primary,,South Auckland,,675319.0,739030
4486080,Lot 14 DPS 8196,DPS 8196,DCDB,Primary,[Create] Local Purpose Reserve (Esplanade) Vested on DPS 8196,South Auckland,,3642.0,3711
4606157,,,Hydro,Primary,,South Auckland,,,272817
4505191,Lot 1 DPS 82536,DPS 82536,DCDB,Primary,[Create] Electricity Works New Zealand Gazette 1983 p 2310,South Auckland,SA65B/513,70850.0,70995
4517725,Crown Land Survey Office Plan 26166,SO 26166,DCDB,Primary,[Create] Crown Land Reserved from Sale (Marginal Strip) Sec 129 Land Act 1924,South Auckland,,,62360
4533582,Crown Land Survey Office Plan 45038,SO 45038,DCDB,Primary,[Create] Crown Land Reserved from Sale (Marginal Strip) Sec 58 Land Act 1948,South Auckland,,,29049
4607532,,,Hydro,Primary,,South Auckland,,,3278429
4551294,Crown Land Survey Office Plan 45038,SO 45038,DCDB,Primary,[Create] Crown Land Reserved from Sale (Marginal Strip) Sec 58 Land Act 1948,South Auckland,,,44627
4586463,,,Road,Primary,,South Auckland,,,148826
4556280,Crown Land,,DCDB,Primary,[Create] Crown Land Reserved from Sale (Marginal Strip) Sec 110 Land Act 1892,South Auckland,,,48534
4576885,,,Road,Primary,,South Auckland,,,539058
4581717,,,Road,Primary,,South Auckland,,,540672
4609075,Crown Land Block X (under action) Totoro Survey District,SO 2708,DCDB,Primary,[Create] Crown Land Reserved from Sale (Marginal Strip) Sec 58 Land Act 1948,Taranaki,,,21453
4605696,,,Hydro,Primary,,South Auckland,,,15633
4689346,,,Hydro,Primary,,Taranaki,,,7789
4606164,,,Hydro,Primary,,South Auckland,,,32745
4606398,,,Hydro,Primary,,South Auckland,,,36752
4606601,,,Hydro,Primary,,South Auckland,,,93505
4607010,,,Hydro,Primary,,South Auckland,,,33362
4607097,,,Hydro,Primary,"[Referenced] Crown Land Section 23, Te Arawa Lakes Settlement Act 2006 Crown retains ownership of the Crown Stratum under the Land Act 1948",South Auckland,,,6133934
4949926,Lot 1 DP 84386,DP 84386,DCDB,Primary,,North Auckland,NA40D/681,2290.0,2241
4951881,Old River Bed Block X Rangaunu Survey District,,DCDB,Primary,,North Auckland,,,12884
4953303,Lot 7 DP 154306,DP 154306,DCDB,Primary,[Create] Local Purpose Reserve (Esplanade) Vested on DP 154306,North Auckland,,12310.0,12236
4635117,Lot 6 DP 187,DP 187,DCDB,Primary,,Taranaki,TNB4/1163,2685848.0,2790790
4644173,Crown Land Block I (under action) Carlyle Survey District,SO 6641,DCDB,Primary,,Taranaki,,,29540
4660393,Lot 1 DP 5892,DP 5892,DCDB,Primary,,Taranaki,TN147/130,449075.0,444623
4649471,Lot 2 DP 12577,DP 12577,DCDB,Primary,,Taranaki,TNE2/1071,2856000.0,2847462
4651496,Lot 1 DP 19619,DP 19619,DCDB,Primary,,Taranaki,TNJ4/606,1485684.0,1467995
4654458,Crown Land Block V (under action) Totoro Survey District,SO 5639,DCDB,Primary,[Create] Crown Land Reserved from Sale (Marginal Strip) Sec 58 Land Act 1948,Taranaki,,,42490
4658867,Lot 5 DP 18335,DP 18335,DCDB,Primary,[Create] Subject to the provision of Esplanade Strips Sec 232 Resource Management Act 1991,Taranaki,TNK1/419,41680.0,41317
4662842,Lot 1 DP 7263,DP 7263,Fee Simple Title,Primary,,Taranaki,TN192/68,1222151.0,1233291
4663218,Lot 2 DP 18406,DP 18406,DCDB,Primary,,Taranaki,TNK1/614,1473000.0,1476359
4678067,,,Railway,Primary,,Taranaki,,,313684
4679055,,,Road,Primary,,Taranaki,,,55741
4679430,,,Road,Primary,,Taranaki,,,94130
4681352,,,Road,Primary,,Taranaki,,,59338
4688676,,,Hydro,Primary,,Taranaki,,,8201
4688691,,,Hydro,Primary,,Taranaki,,,228012
4688712,,,Hydro,Primary,,Taranaki,,,223972
4681819,,,Road,Primary,,Taranaki,,,136826
4689375,,,Hydro,Primary,,Taranaki,,,79426
4683178,,,Road,Primary,,Taranaki,,,375835
4683742,,,Road,Primary,,Taranaki,,,64180
4683979,,,Road,Primary,,Taranaki,,,472531
4684049,,,Road,Primary,,Taranaki,,,478544
4684678,,,Road,Primary,,Taranaki,,,46200
5028181,Lot 19 DP 70951,DP 70951,DCDB,Primary,[Create] Esplanade Reserve Vested on DP 70951,North Auckland,NA31A/1045,39456.0,38062
4688641,,,Hydro,Primary,,Taranaki,,,53166
4688642,,,Hydro,Primary,,Taranaki,,,57967
4607054,,,Hydro,Primary,,South Auckland,,,4555
4688721,,,Hydro,Primary,,Taranaki,,,130898
4688722,,,Hydro,Primary,,Taranaki,,,45766
4688672,,,Hydro,Primary,,Taranaki,,,19504
4607270,,,Hydro,Primary,,South Auckland,,,4187
4607088,,,Hydro,Primary,,South Auckland,,,21382211
6623788,,,Hydro,Primary,,South Auckland,,,69588
4688823,,,Hydro,Primary,,Taranaki,,,50474
6632946,Lot 2 DP 320816,DP 320816,Fee Simple Title,Primary,,Taranaki,82690,353400.0,338984
4688924,,,Hydro,Primary,,Taranaki,,,59806
4688926,,,Hydro,Primary,,Taranaki,,,74247
4688937,,,Hydro,Primary,,Taranaki,,,22036
4689165,,,Hydro,Primary,,Taranaki,,,35439
6636762,,SO 323897,Hydro,Primary,[Create] River New Zealand Gazette 2005 p 521 Balance River Parcel,Taranaki,,,27558
3654145,Lot 2 DP 7860,DP 7860,DCDB,Primary,[Create] Recreation Reserve T 186127.1,Nelson,,79318.0,78880
6740253,,DP 327293,Hydro,Primary,,South Auckland,,,49750
6762096,,,Hydro,Primary,,South Auckland,,,5829
3656926,Lot 1 DP 19870,DP 19870,DCDB,Primary,,Nelson,NL13A/1068,123369.0,123858
6872544,Flat Island Block,ML 372138,Maori,Primary,,South Auckland,339299,32375.0,47161
6939106,Mahanga 1 Block,ML 8710,Maori,Primary,,Gisborne,346366,3378000.0,3368888
4707716,Part Tidal Lands of Manukau Harbour Survey Office Plan 67474,SO 67474,DCDB,Primary,[Create] Revested in the Crown Sec 5 Foreshore and Seabed Endowment Revesting Act 1991,North Auckland,,19900.0,17945
7101801,,,Hydro,Primary,,South Auckland,,,32525
7207201,Part Lot 8 DP 351098,SO 420732,Fee Simple Title,Primary,[Create] Fee Simple New Zealand Gazette 2010 p 872 Balance Parcel,South Auckland,209464,371640.0,371030
7271559,,DP 428183,Road,Primary,,South Auckland,,,395941
7299532,,SO 437333,Hydro,Primary,"[Create] the, Reserves Act 1977",South Auckland,,,980
4717980,Part Lot 3 DP 8375,DP 8375,DCDB,Primary,[Create] Crown Land Reserved from Sale (Marginal Strip) Sec 58 Land Act 1948,North Auckland,NA5B/1085,,76351
4731773,Crown Land Survey Office Plan 46999,SO 46999,DCDB,Primary,[Create] Crown Land Reserved from Sale (Marginal Strip) Sec 58 Land Act 1948,North Auckland,,,30979
4735596,Road Reserve Survey Office Plan 5352,SO 5352,DCDB,Primary,,North Auckland,,,15437
4751659,Lot 3 DP 197808,DP 197808,DCDB,Primary,,North Auckland,NA126A/472,196600.0,196883
4791337,Crown Land,,DCDB,Primary,[Create] Crown Land Reserved from Sale (Marginal Strip) Sec 58 Land Act 1948,North Auckland,,,97270
4793978,Lot 10 DP 163433,DP 163433,DCDB,Primary,[Create] Local Purpose Reserve (Esplanade) Vested on DP 163433,North Auckland,NA98C/334,11500.0,10649
4799833,Crown Land,,DCDB,Primary,[Create] Crown Land Reserved from Sale (Marginal Strip) Sec 58 Land Act 1948,North Auckland,,,28909
4803172,Part Lot 5 DP 13160,DP 13160,DCDB,Primary,,North Auckland,NA61D/287,681180.0,663367
4809805,Lot 1 DP 196910,DP 196910,DCDB,Primary,,North Auckland,NA125B/170,2871081.0,2859002
5120117,Lot 101 DP 152097,DP 152097,DCDB,Primary,[Create] Coastal Marine Area Vested Sec 237A Resource Management Act 1991,North Auckland,,3700.0,3705
4831285,Crown Land,,DCDB,Primary,[Create] Crown Land Reserved from Sale (Marginal Strip) Sec 58 Land Act 1948,North Auckland,,,23953
4845063,Lot 1 DP 191696,DP 191696,DCDB,Primary,,North Auckland,NA118B/921,58140.0,65075
4857908,Lot 7 DP 206179,DP 206179,DCDB,Primary,,North Auckland,NA134B/937,108660.0,108549
4910542,Lot 1 DP 41453,DP 41453,DCDB,Primary,,North Auckland,NA75B/305,462960.0,463734
4984279,Lot 3 DP 153611,DP 153611,DCDB,Primary,,North Auckland,NA91C/619,125890.0,125808
5267615,,,Hydro,Primary,,North Auckland,,,83172
4932988,Crown Land Survey Office Plan 52855,SO 52855,DCDB,Primary,[Create] Crown Land Reserved from Sale (Marginal Strip) Sec 58 Land Act 1948,North Auckland,,,75196
4942958,Crown Land,,DCDB,Primary,[Create] Crown Land Reserved from Sale (Marginal Strip) Sec 110 Land Act 1892,North Auckland,,,44261
4996391,Lot 9 DP 77055,DP 77055,DCDB,Primary,[Create] Public Reserve (Esplanade) New Zealand Gazette 1976 p 1574,North Auckland,,28960.0,30315
4954769,Crown Land,,DCDB,Primary,[Create] Crown Land Reserved from Sale (Marginal Strip) Sec 58 Land Act 1948,North Auckland,,,121307
5060906,Lot 3 DP 158600,DP 158600,DCDB,Primary,[Create] Local Purpose Reserve (Esplanade) Vested on DP 158600,North Auckland,NA95A/727,89200.0,88272
5066815,Lot 3 DP 153547,DP 153547,DCDB,Primary,[Create] Local Purpose Reserve (Esplanade) Vested on DP 153547,North Auckland,,34760.0,44807
5074402,Lot 94 DP 208882,DP 208882,DCDB,Primary,,North Auckland,NA137A/348,296721.0,297039
5076638,Lot 4 DP 150488,DP 150488,DCDB,Primary,[Create] Local Purpose Reserve (Esplanade) Vested on DP 150488,North Auckland,,12270.0,11594
5093455,Crown Land Survey Office Plan 38001,SO 38001,DCDB,Primary,[Create] Crown Land Reserved from Sale (Marginal Strip) Sec 58 Land Act 1948,North Auckland,,,37241
5094971,Crown Land,,DCDB,Primary,[Create] Crown Land Reserved from Sale (Marginal Strip) Sec 110 Land Act 1892,North Auckland,,,37567
5099126,Lot 3 DP 130699,DP 130699,DCDB,Primary,,North Auckland,NA128C/225,1094520.0,1092386
5169202,Part Omataroa Block,ML 3179,DCDB,Primary,"[Create] Conservation Park Sec 61 Conservation Act 1987
[Create] State Forest New Zealand Gazette 1933 p 3403
[Create] State Forest New Zealand Gazette 1951 p 1668",North Auckland,,11680000.0,2892203
5198716,Lot 2 DP 141007,DP 141007,DCDB,Primary,,North Auckland,NA83C/912,151850.0,151770
5209429,,,Road,Primary,,North Auckland,,,159854
5215006,,,Road,Primary,,North Auckland,,,107
5223449,,,Road,Primary,,North Auckland,,,200426
5228572,,,Road,Primary,,North Auckland,,,142295
5264991,,,Hydro,Primary,,North Auckland,,,12080
5267226,,,Hydro,Primary,,North Auckland,,,165577
6554938,Lot 1 DP 210601,DP 210601,Fee Simple Title,Primary,,North Auckland,NA138D/778,7081.0,7077
5264664,,,Hydro,Primary,,North Auckland,,,18446
5265252,,,Hydro,Primary,,North Auckland,,,85732
5264796,,,Hydro,Primary,,North Auckland,,,56258
5265226,,,Hydro,Primary,,North Auckland,,,14067
5264820,,,Hydro,Primary,,North Auckland,,,1419
5265903,,,Hydro,Primary,,North Auckland,,,4472
5264910,,,Hydro,Primary,,North Auckland,,,104605
5264911,,,Hydro,Primary,,North Auckland,,,14587
5265370,,,Hydro,Primary,,North Auckland,,,89805
5264924,,,Hydro,Primary,,North Auckland,,,47970
5264948,,,Hydro,Primary,,North Auckland,,,24833
5265453,,,Hydro,Primary,,North Auckland,,,9376
5265030,,,Hydro,Primary,,North Auckland,,,1354
5265069,,,Hydro,Primary,,North Auckland,,,58460
5265392,,,Hydro,Primary,[Create] Wildlife Refuge New Zealand Gazette 1958 p 1553,North Auckland,,,6619
5265449,,,Hydro,Primary,,North Auckland,,,30702
5265698,,,Hydro,Primary,,North Auckland,,,37605
5265700,,,Hydro,Primary,,North Auckland,,,102481
5265917,,,Hydro,Primary,,North Auckland,,,59557
5265689,,,Hydro,Primary,,North Auckland,,,515313
3661342,,,Road,Primary,,Nelson,,,27657
6556419,Lot 1 DP 211780,DP 211780,Fee Simple Title,Primary,,North Auckland,NA139D/262,14730.0,14727
5265828,,,Hydro,Primary,,North Auckland,,,53081
5265915,,,Hydro,Primary,,North Auckland,,,5433
6557132,Lot 2 DP 210820,DP 210820,Fee Simple Title,Primary,,North Auckland,NA139A/324,10000.0,10003
5265930,,,Hydro,Primary,,North Auckland,,,47638
5266006,,,Hydro,Primary,,North Auckland,,,30772
5266017,,,Hydro,Primary,,North Auckland,,,129423
5266018,,,Hydro,Primary,,North Auckland,,,77006
5266054,,,Hydro,Primary,,North Auckland,,,712541
5266267,,,Hydro,Primary,,North Auckland,,,188030
5266394,,,Hydro,Primary,,North Auckland,,,11120
5266897,,,Hydro,Primary,,North Auckland,,,4902
5266737,,,Hydro,Primary,,North Auckland,,,35412
5266678,,,Hydro,Primary,,North Auckland,,,33896
5266696,,,Hydro,Primary,,North Auckland,,,973949
5266790,,,Hydro,Primary,,North Auckland,,,39072
5266842,,,Hydro,Primary,,North Auckland,,,51479
5266877,,,Hydro,Primary,,North Auckland,,,20193
5267072,,,Hydro,Primary,,North Auckland,,,2804
5266941,,,Hydro,Primary,,North Auckland,,,49717
5267609,,,Hydro,Primary,,North Auckland,,,79283
5267874,,,Hydro,Primary,,North Auckland,,,1996
6632909,,DP 317688,Hydro,Primary,,North Auckland,,,3989
6580867,,,Hydro,Primary,,North Auckland,,,10355
6761324,,SO 339040,Hydro,Primary,"[Create] Hydro the, Marine Reserves Act 1971 Marine Reserve (Te Matuku ) Order 2005",North Auckland,,,1636890
7162514,,,Hydro,Primary,,North Auckland,,,4650
3158306,Part RUN 94,SO 245,DCDB,Primary,"[Referenced] Declared to be held for conservation purposes. New Zealand Gazette 2004 p 3987 Jointly by DOC (Canterbury) & the CCL.
[Referenced] Declared to be held for conservation purposes. New Zealand Gazette 2005 p 871 Jointly by DOC (Canterbury) & CCL. Formerly CIR OT338/80. Revokes Gaz 2004 p 3987 (incorrect LD ref).",Otago,495544,,119019275
3007412,RUN 206D,ROLL NE 1880 RUNS,Statutory,Primary,,Otago,OT3A/149,15944614.0,16265633
3201494,,,Hydro,Primary,,Otago,,,111128
3009680,Crown Land,,DCDB,Primary,[Create] Crown Land Reserved from Sale (Marginal Strip) Sec 58 Land Act 1948,Otago,,,82186
3017274,Crown Land Block VI Blackstone Survey District,SO 3414,DCDB,Primary,[Create] Crown Land Reserved from Sale (Marginal Strip) Sec 58 Land Act 1948,Otago,,,60578
3026618,Crown Land Block XIII Rimu Survey District,SO 1456,DCDB,Primary,,Otago,,,14933
3021794,Lot 1 DP 23306,DP 23306,DCDB,Primary,,Otago,OT15C/311,1216000.0,1206534
3029525,Crown Land,,DCDB,Primary,[Create] Crown Land Reserved from Sale (Marginal Strip) Sec 58 Land Act 1948,Otago,,,184815
3086465,Crown Land (Reserve) Block X Gimmerburn Survey District,SO 479,DCDB,Primary,,Otago,,,66339
3053876,Crown Land,,DCDB,Primary,[Create] Crown Land Reserved from Sale (Marginal Strip) Sec 58 Land Act 1948,Otago,,,154859
3744806,,,Hydro,Primary,,Marlborough,,,411560
3056211,Crown Land Block VII Waitahuna East Survey District,SO 1950,DCDB,Primary,[Create] Crown Land Reserved from Sale (Marginal Strip) Sec 58 Land Act 1948,Otago,,,59769
3066051,Crown Land (Water Race),SO 1232,DCDB,Primary,,Otago,,,295043
3076865,Crown Land Block XIV Maniototo Survey District,SO 1013,DCDB,Primary,[Create] Crown Land Reserved from Sale (Marginal Strip) Sec 58 Land Act 1948,Otago,,,164672
3159917,Crown Land Block VII Otago Peninsula Survey District,SO 13567,DCDB,Primary,[Create] Crown Land Reserved from Sale (Marginal Strip) Sec 58 Land Act 1948,Otago,,1391.0,1330
3086525,Crown Land Block III Gimmerburn Survey District,SO 469,DCDB,Primary,[Create] Crown Land Reserved from Sale (Marginal Strip) Sec 58 Land Act 1948,Otago,,,109262
3088758,Crown Land Block V Glenomaru Survey District,SO 528,DCDB,Primary,,Otago,,,34342
3089323,Crown Land,,DCDB,Primary,[Create] Crown Land Reserved from Sale (Marginal Strip) Sec 58 Land Act 1948,Otago,,,84075
3090549,Crown Land (Creek Reserve) Block XV Maniototo Survey District,SO 1016,DCDB,Primary,,Otago,,,132018
3094379,Crown Land Block IV Maniototo Survey District,SO 993,DCDB,Primary,[Create] Subject to the provision of Marginal Strips Sec 24 Conservation Act 1987,Otago,,,71422
3099490,Lot 8 DP 25008,DP 25008,DCDB,Primary,[Create] Local Purpose Reserve Vested on DP 25008,Otago,OT17A/218,142000.0,140112
3130300,Crown Land Block XIII Dunedin & East Taieri Survey District,,DCDB,Primary,[Create] Crown Land Reserved from Sale Sec 58 Land Act 1948,Otago,,,31515
3109945,Part RUN 97,SO 2056,DCDB,Primary,[Create] National Park [Mount Aspiring National Park] New Zealand Gazette 1971 p 1675,Otago,,,142949026
3112591,Crown Land,,DCDB,Primary,[Create] Subject to the provision of Marginal Strips Sec 24 Conservation Act 1987,Otago,,,97028
3115466,Crown Land (Water Race) Block VIII Hillend Survey District,SO 660,DCDB,Primary,,Otago,,,15031
3116828,Lot 4 DP 15111,DP 15111,DCDB,Primary,,Otago,OT5C/773,40673.0,40683
3137006,Crown Land Block III Ahuriri Survey District,SO 18636,DCDB,Primary,[Create] Crown Land Reserved from Sale (Marginal Strip) Sec 58 Land Act 1948,Otago,,,119000
3139742,Crown Land Block X Woodland Survey District,SO 20665,DCDB,Primary,"[Create] SE Otago Reserves, Foreshore & Waters Control Order 1984 New Zealand Gazette 1984 p 1595",Otago,,,157036
3144721,Crown Land,SO 17804,DCDB,Primary,[Create] Subject to the provision of Marginal Strips Sec 24 Conservation Act 1987,Otago,,,54769
3159264,Crown Land,,DCDB,Primary,[Create] Subject to the provision of Marginal Strips Sec 24 Conservation Act 1987,Otago,,,30551
3337643,RS 36057,SO 3180,DCDB,Primary,,Canterbury,CB27F/710,779019.0,776514
3160819,Crown Land (Water Race) Block VI Blackstone Survey District,"DP 396594, SO 215",DCDB,Primary,,Otago,,,179927
3164342,Crown Land (Water Race) Block XIII Maniototo Survey District,SO 1010,DCDB,Primary,,Otago,,,11185
3182561,,,Road,Primary,,Otago,,,345045
3166308,Lot 1 DP 10814,DP 10814,DCDB,Primary,,Otago,OT1D/726,45932.0,45941
3171713,,,Road,Primary,,Otago,,,36389
3175353,,,Road,Primary,,Otago,,,32176
3180412,,,Road,Primary,,Otago,,,15683
3185079,,,Road,Primary,,Otago,,,1873
3178906,,,Road,Primary,,Otago,,,88360
3612627,Rangitoto 11 Block,ML 7162,DCDB,Primary,,Nelson,NL126/122,7172041.0,7193362
3189312,,,Road,Primary,,Otago,,,33313
3181026,,,Road,Primary,,Otago,,,31743
3183964,,,Road,Primary,,Otago,,,59193
3740316,,,Road,Primary,,Marlborough,,,25794
3183156,,,Road,Primary,,Otago,,,48358
3183572,,,Road,Primary,,Otago,,,74759
3184223,,,Road,Primary,,Otago,,,146905
3184567,,,Road,Primary,,Otago,,,94891
3193532,,,Road,Primary,,Otago,,,203
3184879,,,Road,Primary,,Otago,,,225793
3185893,,,Road,Primary,,Otago,,,121379
3188235,,,Road,Primary,,Otago,,,247247
3188350,,,Road,Primary,,Otago,,,100812
3189173,,,Road,Primary,,Otago,,,60532
3190073,,,Road,Primary,,Otago,,,91240
3190218,,,Road,Primary,,Otago,,,113933
3201147,,,Hydro,Primary,,Otago,,,10711
5264719,,,Hydro,Primary,,North Auckland,,,4430
3201511,,,Hydro,Primary,,Otago,,,64357
3679510,Lot 22 DP 443,DP 443,DCDB,Primary,,Westland,WS2C/464,855910.0,859796
5265826,,,Hydro,Primary,,North Auckland,,,112990
3692354,RS 4926,SO 5888,DCDB,Primary,,Westland,WS3C/212,244834.0,237752
3700038,,,Road,Primary,,Westland,,,43262
4689464,,,Hydro,Primary,,Taranaki,,,138433
3286471,,,Road,Primary,,Southland,,,301538
3291062,,,Road,Primary,,Southland,,,144632
3291410,,,Road,Primary,,Southland,,,97659
